{
  "model": "amazon/chronos-bolt-small",
  "device": "cuda",
  "n_windows": 1297,
  "lookback": 288,
  "mae": {
    "h=1": 0.8818762302398682,
    "h=6": 1.4824532270431519,
    "h=36": 2.688351631164551,
    "h=144": 3.6386148929595947
  },
  "runtime_sec": 35.4
}