{
  "model": "amazon/chronos-t5-base",
  "device": "cuda",
  "n_windows": 1297,
  "lookback": 288,
  "mae": {
    "h=1": 0.8557345867156982,
    "h=6": 1.4832149744033813,
    "h=36": 2.7947826385498047,
    "h=144": 3.8632941246032715
  },
  "runtime_sec": 1661.5
}