{
  "model": "amazon/chronos-bolt-tiny",
  "device": "cuda",
  "n_windows": 1297,
  "lookback": 288,
  "mae": {
    "h=1": 0.9007265567779541,
    "h=6": 1.5024118423461914,
    "h=36": 2.7083802223205566,
    "h=144": 3.7894041538238525
  },
  "runtime_sec": 28.1
}