{
  "model": "amazon/chronos-bolt-base",
  "device": "cuda",
  "n_windows": 1297,
  "lookback": 288,
  "mae": {
    "h=1": 0.8573253750801086,
    "h=6": 1.4675647020339966,
    "h=36": 2.732174873352051,
    "h=144": 3.8295211791992188
  },
  "runtime_sec": 58.1
}