{
  "model": "Salesforce/moirai-1.1-R-base",
  "device": "cuda",
  "n_windows": 1297,
  "lookback": 288,
  "mae": {
    "h=1": 0.8663879036903381,
    "h=6": 1.4748377799987793,
    "h=36": 2.8940927982330322,
    "h=144": 4.7357177734375
  },
  "runtime_sec": 29.0
}