{
  "model": "Salesforce/moirai-1.1-R-small",
  "device": "cuda",
  "n_windows": 1297,
  "lookback": 288,
  "mae": {
    "h=1": 0.89947909116745,
    "h=6": 1.502280592918396,
    "h=36": 2.79495906829834,
    "h=144": 3.8059802055358887
  },
  "runtime_sec": 21.3
}