{
  "dataset": "mit",
  "n_windows": 1297,
  "horizons": [
    1,
    6,
    36,
    144
  ],
  "mae": {
    "naive-last": {
      "h=1": 1.1742223501205444,
      "h=6": 1.738429069519043,
      "h=36": 2.5719313621520996,
      "h=144": 3.3423261642456055
    },
    "ma-36": {
      "h=1": 2.048710346221924,
      "h=6": 2.1063015460968018,
      "h=36": 2.209566116333008,
      "h=144": 2.918431520462036
    },
    "seasonal-naive": {
      "h=1": 3.4189581871032715,
      "h=6": 3.4049386978149414,
      "h=36": 3.3919765949249268,
      "h=144": 3.8537867069244385
    },
    "bolt-base": {
      "h=1": 1.1014987230300903,
      "h=6": 1.3593170642852783,
      "h=36": 1.6834787130355835,
      "h=144": 2.5361201763153076
    },
    "bolt-lora": {
      "h=1": 1.0746984481811523,
      "h=6": 1.3094627857208252,
      "h=36": 1.6030932664871216,
      "h=144": 2.434166669845581
    }
  },
  "ci95": {
    "naive-last": {
      "h=1": [
        0.9547,
        1.4121
      ],
      "h=6": [
        1.4255,
        2.1536
      ],
      "h=36": [
        2.1237,
        3.1758
      ],
      "h=144": [
        2.2655,
        4.0411
      ]
    },
    "ma-36": {
      "h=1": [
        1.6404,
        2.4866
      ],
      "h=6": [
        1.7413,
        2.6036
      ],
      "h=36": [
        1.7736,
        2.8053
      ],
      "h=144": [
        1.8573,
        3.5998
      ]
    },
    "seasonal-naive": {
      "h=1": [
        2.4649,
        4.3366
      ],
      "h=6": [
        2.5327,
        4.4251
      ],
      "h=36": [
        2.5385,
        4.4233
      ],
      "h=144": [
        2.6241,
        4.7675
      ]
    },
    "bolt-base": {
      "h=1": [
        0.8088,
        1.4266
      ],
      "h=6": [
        1.0523,
        1.7897
      ],
      "h=36": [
        1.2572,
        2.282
      ],
      "h=144": [
        1.4218,
        3.2302
      ]
    },
    "bolt-lora": {
      "h=1": [
        0.7865,
        1.3543
      ],
      "h=6": [
        1.0261,
        1.6871
      ],
      "h=36": [
        1.2166,
        2.127
      ],
      "h=144": [
        1.3985,
        3.0566
      ]
    }
  },
  "dm": {
    "bolt-base_vs_naive-last": {
      "h=1": {
        "dm": -1.054,
        "p": 0.292,
        "mean_diff": -0.0727
      },
      "h=6": {
        "dm": -4.49,
        "p": 0.0,
        "mean_diff": -0.3791
      },
      "h=36": {
        "dm": -8.345,
        "p": 0.0,
        "mean_diff": -0.8885
      },
      "h=144": {
        "dm": -5.472,
        "p": 0.0,
        "mean_diff": -0.8062
      }
    },
    "bolt-lora_vs_naive-last": {
      "h=1": {
        "dm": -1.29,
        "p": 0.1971,
        "mean_diff": -0.0995
      },
      "h=6": {
        "dm": -5.014,
        "p": 0.0,
        "mean_diff": -0.429
      },
      "h=36": {
        "dm": -8.613,
        "p": 0.0,
        "mean_diff": -0.9688
      },
      "h=144": {
        "dm": -5.873,
        "p": 0.0,
        "mean_diff": -0.9082
      }
    },
    "bolt-lora_vs_bolt-base": {
      "h=1": {
        "dm": -1.056,
        "p": 0.291,
        "mean_diff": -0.0268
      },
      "h=6": {
        "dm": -2.975,
        "p": 0.003,
        "mean_diff": -0.0499
      },
      "h=36": {
        "dm": -2.164,
        "p": 0.0306,
        "mean_diff": -0.0804
      },
      "h=144": {
        "dm": -1.463,
        "p": 0.1437,
        "mean_diff": -0.102
      }
    },
    "bolt-base_vs_ma-36": {
      "h=1": {
        "dm": -14.604,
        "p": 0.0,
        "mean_diff": -0.9472
      },
      "h=6": {
        "dm": -10.467,
        "p": 0.0,
        "mean_diff": -0.747
      },
      "h=36": {
        "dm": -8.103,
        "p": 0.0,
        "mean_diff": -0.5261
      },
      "h=144": {
        "dm": -3.616,
        "p": 0.0003,
        "mean_diff": -0.3823
      }
    }
  }
}