{
  "dataset": "ali",
  "n_windows": 1009,
  "horizons": [
    1,
    6,
    36,
    144
  ],
  "mae": {
    "naive-last": {
      "h=1": 0.8134925961494446,
      "h=6": 1.436057686805725,
      "h=36": 2.7492878437042236,
      "h=144": 3.8625032901763916
    },
    "ma-36": {
      "h=1": 2.3048644065856934,
      "h=6": 2.47402286529541,
      "h=36": 3.1144988536834717,
      "h=144": 3.8586063385009766
    },
    "seasonal-naive": {
      "h=1": 4.985063076019287,
      "h=6": 4.983985900878906,
      "h=36": 4.990353584289551,
      "h=144": 4.821537017822266
    },
    "bolt-base": {
      "h=1": 0.8573254346847534,
      "h=6": 1.467564582824707,
      "h=36": 2.73217511177063,
      "h=144": 3.8295211791992188
    },
    "bolt-lora": {
      "h=1": 0.8573254346847534,
      "h=6": 1.467564582824707,
      "h=36": 2.73217511177063,
      "h=144": 3.8295211791992188
    }
  },
  "ci95": {
    "naive-last": {
      "h=1": [
        0.7002,
        0.9241
      ],
      "h=6": [
        1.2208,
        1.6486
      ],
      "h=36": [
        2.2054,
        3.2828
      ],
      "h=144": [
        3.1855,
        4.437
      ]
    },
    "ma-36": {
      "h=1": [
        1.8167,
        2.8204
      ],
      "h=6": [
        1.9008,
        3.0778
      ],
      "h=36": [
        2.4374,
        3.7504
      ],
      "h=144": [
        3.0476,
        4.5603
      ]
    },
    "seasonal-naive": {
      "h=1": [
        3.6891,
        6.2662
      ],
      "h=6": [
        3.6623,
        6.2386
      ],
      "h=36": [
        3.6675,
        6.1445
      ],
      "h=144": [
        3.8629,
        5.6775
      ]
    },
    "bolt-base": {
      "h=1": [
        0.7504,
        0.966
      ],
      "h=6": [
        1.235,
        1.7056
      ],
      "h=36": [
        2.1013,
        3.3471
      ],
      "h=144": [
        3.036,
        4.5461
      ]
    },
    "bolt-lora": {
      "h=1": [
        0.7504,
        0.966
      ],
      "h=6": [
        1.235,
        1.7056
      ],
      "h=36": [
        2.1013,
        3.3471
      ],
      "h=144": [
        3.036,
        4.5461
      ]
    }
  },
  "dm": {
    "bolt-base_vs_naive-last": {
      "h=1": {
        "dm": 4.052,
        "p": 0.0001,
        "mean_diff": 0.0438
      },
      "h=6": {
        "dm": 1.28,
        "p": 0.201,
        "mean_diff": 0.0315
      },
      "h=36": {
        "dm": -0.163,
        "p": 0.8706,
        "mean_diff": -0.0171
      },
      "h=144": {
        "dm": -0.153,
        "p": 0.8786,
        "mean_diff": -0.033
      }
    },
    "bolt-lora_vs_naive-last": {
      "h=1": {
        "dm": 4.052,
        "p": 0.0001,
        "mean_diff": 0.0438
      },
      "h=6": {
        "dm": 1.28,
        "p": 0.201,
        "mean_diff": 0.0315
      },
      "h=36": {
        "dm": -0.163,
        "p": 0.8706,
        "mean_diff": -0.0171
      },
      "h=144": {
        "dm": -0.153,
        "p": 0.8786,
        "mean_diff": -0.033
      }
    },
    "bolt-lora_vs_bolt-base": {
      "h=1": {
        "dm": 0.0,
        "p": 1.0,
        "mean_diff": 0.0
      },
      "h=6": {
        "dm": 0.0,
        "p": 1.0,
        "mean_diff": 0.0
      },
      "h=36": {
        "dm": 0.0,
        "p": 1.0,
        "mean_diff": 0.0
      },
      "h=144": {
        "dm": 0.0,
        "p": 1.0,
        "mean_diff": 0.0
      }
    },
    "bolt-base_vs_ma-36": {
      "h=1": {
        "dm": -23.732,
        "p": 0.0,
        "mean_diff": -1.4475
      },
      "h=6": {
        "dm": -8.468,
        "p": 0.0,
        "mean_diff": -1.0065
      },
      "h=36": {
        "dm": -2.701,
        "p": 0.007,
        "mean_diff": -0.3823
      },
      "h=144": {
        "dm": -0.11,
        "p": 0.9128,
        "mean_diff": -0.0291
      }
    }
  }
}